chapter,label,sheet
F4 BI Module 1a Asas,Let's chat,F4 BI Module 1a.csv
F4 BI Module 1b Sederhana,Let's chat,F4 BI Module 1b.csv
F4 BI Module 1c Cabaran,Let's chat,F4 BI Module 1c.csv
F4 BI Module 2a Asas,Ready for anything,F4 BI Module 2a.csv
F4 BI Module 2b Sederhana,Ready for anything,F4 BI Module 2b.csv
F4 BI Module 2c Cabaran,Ready for anything,F4 BI Module 2c.csv
F4 BI Module 3a Asas,Buy it!,F4 BI Module 3a.csv
F4 BI Module 3b Sederhana,Buy it!,F4 BI Module 3b.csv
F4 BI Module 3c Cabaran,Buy it!,F4 BI Module 3c.csv
F4 BI Module 4a Asas,Being a teen,F4 BI Module 4a.csv
F4 BI Module 4b Sederhana,Being a teen,F4 BI Module 4b.csv
F4 BI Module 4c Cabaran,Being a teen,F4 BI Module 4c.csv
F4 BI Module 5a Asas,Globetrotting,F4 BI Module 5a.csv
F4 BI Module 5b Sederhana,Globetrotting,F4 BI Module 5b.csv
F4 BI Module 5c Cabaran,Globetrotting,F4 BI Module 5c.csv
F4 BI Module 6a Asas,Time out,F4 BI Module 6a.csv
F4 BI Module 6b Sederhana,Time out,F4 BI Module 6b.csv
F4 BI Module 6c Cabaran,Time out,F4 BI Module 6c.csv
F4 BI Module 7a Asas,Mother Nature,F4 BI Module 7a.csv
F4 BI Module 7b Sederhana,Mother Nature,F4 BI Module 7b.csv
F4 BI Module 7c Cabaran,Mother Nature,F4 BI Module 7c.csv
F4 BI Module 8a Asas,Image,F4 BI Module 8a.csv
F4 BI Module 8b Sederhana,Image,F4 BI Module 8b.csv
F4 BI Module 8c Cabaran,Image,F4 BI Module 8c.csv
